"id","user_name"
1,임서아
2,정서후
3,강주서
4,정민원
5,정주후
6,조주우
7,강현윤
8,임하호
9,조윤준
10,서하윤
11,이도연
12,윤서연
13,조정서
14,조지연
15,김현아
16,강도경
17,강주연
18,조정준
19,김하우
20,최민서
21,최주준
22,임도서
23,박채경
24,장예우
25,조민아
26,이지호
27,장예서
28,서지원
29,강예진
30,최정은
31,김민진
32,임서우
33,최서준
34,장주우
35,박윤원
36,윤민후
37,임현경
38,이민원
39,김민연
40,정하원
41,임지아
42,윤채호
43,박지진
44,장현윤
45,이주원
46,조현우
47,김지우
48,박하서
49,박지아
50,최민연
51,서도원
52,장도준
53,조도경
54,정지연
55,김지후
56,임지서
57,박주서
58,이채준
59,윤정윤
60,장주호
61,박주우
62,이하연
63,이현연
64,장하경
65,이정아
66,장예은
67,최서후
68,조윤원
69,박주호
70,이도연
71,윤지윤
72,김예경
73,강정아
74,윤서아
75,조서후
76,조지진
77,박하은
78,임지서
79,조윤진
80,박지윤
81,최하진
82,박민아
83,장예호
84,강정준
85,조현후
86,이하아
87,장주은
88,최정윤
89,정채서
90,윤하우
91,강윤우
92,장도서
93,강윤서
94,장민아
95,박예후
96,강현서
97,이윤후
98,정주호
99,정지우
100,박지윤
101,임예경
102,김하우
103,정현연
104,윤도서
105,조현연
106,윤정원
107,이지호
108,박윤연
109,박민후
110,장윤은
111,강주진
112,서도윤
113,서도아
114,강지윤
115,강예연
116,서지아
117,최지호
118,김하경
119,임윤후
120,서하원
121,윤정연
122,서민은
123,임도은
124,서정윤
125,이민은
126,최지준
127,강지우
128,장주우
129,강하원
130,김윤연
131,박현아
132,조정은
133,김지원
134,박주연
135,조서아
136,임정서
137,김지준
138,윤서윤
139,윤정준
140,박예경
141,강민경
142,이정연
143,강윤경
144,서하우
145,서정후
146,강민후
147,김지준
148,박지연
149,윤채우
150,서지호
151,장지호
152,서하우
153,정도은
154,최예연
155,임채은
156,조예은
157,윤채원
158,정하진
159,임민우
160,박예아
161,서정원
162,박서우
163,최채후
164,이하후
165,윤도진
166,김정서
167,강민연
168,최정원
169,장서윤
170,윤정연
171,정윤은
172,강예경
173,정채원
174,조정아
175,서민은
176,임주호
177,서서연
178,조채아
179,강예아
180,서지준
181,임서경
182,김주원
183,윤민준
184,최하연
185,조지아
186,서채후
187,강하서
188,서예연
189,장지연
190,김정경
191,조지아
192,윤주우
193,정주은
194,임도호
195,장현윤
196,이현우
197,김도아
198,김도준
199,박채진
200,김정은
201,박지은
202,최서은
203,장민아
204,정예호
205,최채연
206,윤주연
207,서지진
208,임윤은
209,김정호
210,윤윤아
211,김정호
212,김서경
213,김지준
214,강윤후
215,서정호
216,김지서
217,조민우
218,서정서
219,윤하우
220,최지윤
221,박도원
222,김정원
223,강지서
224,서도진
225,장민연
226,정지호
227,강서호
228,강지경
229,이정경
230,임지준
231,정정은
232,김예후
233,이지우
234,조현준
235,강민진
236,서채원
237,조도서
238,조민경
239,김채연
240,박주진
241,장민진
242,정현후
243,이민우
244,조지윤
245,정민서
246,김도연
247,장도윤
248,정하우
249,김서진
250,박현후
251,김정윤
252,이예아
253,이채원
254,조민원
255,김서서
256,김서서
257,이예연
258,서현준
259,최정진
260,서현경
261,정지호
262,조하호
263,윤도준
264,최채경
265,임도호
266,조민은
267,강도원
268,김민연
269,최지윤
270,강도경
271,서주호
272,장지진
273,서하우
274,박주준
275,이윤윤
276,장주준
277,윤현경
278,박주윤
279,이지연
280,최주서
281,강주은
282,장민진
283,정서호
284,정민호
285,강서아
286,최정윤
287,이주원
288,서하은
289,장지후
290,강현호
291,임현아
292,윤하경
293,서지진
294,서예진
295,정윤원
296,강지준
297,최주후
298,서정우
299,서도진
300,박하우
301,임예서
302,윤하연
303,김예은
304,조정윤
305,장채후
306,윤채서
307,박하우
308,김지진
309,장정은
310,강채원
311,서지준
312,박하우
313,박도서
314,이민원
315,이하은
316,김정후
317,장서연
318,서정우
319,윤지서
320,장도호
321,정정연
322,이윤윤
323,윤민은
324,장민아
325,임예은
326,윤도아
327,김지원
328,윤서경
329,박서후
330,정하준
331,박현연
332,윤지서
333,최채준
334,김윤연
335,서정준
336,서정연
337,최주후
338,최현준
339,정윤서
340,이채윤
341,서주호
342,윤현호
343,조주준
344,박지은
345,임정연
346,박서준
347,이지호
348,윤민서
349,조현서
350,서지우
351,임윤서
352,김지준
353,임채준
354,김채원
355,임민후
356,조하연
357,이채우
358,조지윤
359,최하우
360,조윤서
361,최주우
362,박서원
363,강도준
364,박정원
365,이지윤
366,박지은
367,최민후
368,이민연
369,이윤은
370,이서호
371,윤서진
372,조주연
373,강하우
374,박윤아
375,조하연
376,조지연
377,윤예경
378,서서윤
379,이채은
380,정도진
381,이도아
382,정현진
383,강채준
384,강채후
385,조예서
386,서민후
387,김윤은
388,임서은
389,김지은
390,김채준
391,임윤준
392,김민서
393,윤주연
394,윤윤후
395,김민윤
396,김예경
397,정서은
398,윤현서
399,최민은
400,정도서
401,조서윤
402,이하후
403,김예경
404,조채호
405,윤현후
406,조채우
407,서정아
408,장정윤
409,김현경
410,정지원
411,조예은
412,장지은
413,조하아
414,장윤경
415,이정은
416,장주연
417,윤도경
418,서채연
419,강지호
420,이예준
421,정채윤
422,이주서
423,정지후
424,이지진
425,최채원
426,조서원
427,임주은
428,박지은
429,장정우
430,이지원
431,조채연
432,정채아
433,박주원
434,조정경
435,조지후
436,장도호
437,최지은
438,강채경
439,윤윤윤
440,김지연
441,박예경
442,서하원
443,강하우
444,서현윤
445,조서준
446,임예서
447,정윤아
448,윤예우
449,강예호
450,강지경
451,이민후
452,박도호
453,정지서
454,서지윤
455,조현진
456,이지호
457,강지호
458,조현원
459,장현준
460,김지경
461,최지호
462,서도후
463,서주우
464,장도윤
465,임정경
466,서민은
467,최채연
468,임주은
469,이지우
470,장민윤
471,조민윤
472,조도후
473,강민윤
474,장정원
475,박지연
476,윤민은
477,박도준
478,윤주윤
479,강현연
480,임채연
481,서윤호
482,장채은
483,박도아
484,임현호
485,장지후
486,김윤연
487,강지아
488,최서은
489,조서경
490,조하진
491,강도준
492,장예원
493,박주원
494,정현윤
495,조지호
496,박주우
497,박정윤
498,박현진
499,박도진
500,정지준
501,이민아
502,이현진
503,박서경
504,박윤은
505,김지아
506,이채은
507,조민경
508,박민윤
509,강정연
510,최윤우
511,윤민후
512,최지준
513,조민서
514,최채우
515,김민은
516,서예호
517,서지우
518,박도호
519,이서경
520,서현진
521,최정연
522,김민윤
523,이지준
524,서현우
525,장하준
526,임주우
527,박현원
528,서정아
529,김지서
530,정현경
531,강도준
532,조하진
533,김현우
534,최지우
535,박민준
536,윤도연
537,이윤진
538,박정진
539,강윤은
540,정민아
541,장예경
542,강윤은
543,김지윤
544,최현은
545,박채경
546,최도은
547,이도서
548,조민윤
549,이도서
550,정채진
551,김주호
552,강윤은
553,김주아
554,조서은
555,강윤진
556,최채은
557,박서연
558,이윤우
559,이윤연
560,윤서호
561,조정경
562,임서서
563,박정진
564,윤하호
565,정도원
566,윤윤은
567,이윤후
568,윤도연
569,최채경
570,조채준
571,강지서
572,장민후
573,최채아
574,정하원
575,조지아
576,이윤진
577,서지원
578,조채서
579,임서진
580,김현원
581,서지후
582,서정준
583,박현우
584,서현준
585,정주연
586,임채연
587,박정아
588,박지아
589,최윤호
590,조도원
591,최하윤
592,윤윤원
593,조주경
594,이채진
595,서채연
596,최정호
597,조민우
598,장지서
599,윤민호
600,최지후
601,김예연
602,최주경
603,조채서
604,장도원
605,박하후
606,강주연
607,박지은
608,장채은
609,강민준
610,김서서
